Jobs title,Company title,Locations,Apply Here
newCall Center Representative - Onsite & Work From Home - WI,MDS Communications,"Oshkosh, WI 54901+1 location",https://www.indeed.com/rc/clk?jk=3822444627c866b8&fccid=66306ca4ee203d9b&vjs=3
Virtual Receptionist,Smith.ai,Remote,https://www.indeed.com/rc/clk?jk=deb92fe3f84c9d6a&fccid=248812436f292b83&vjs=3
Transcriptionist,Allegis Transcription,+1 locationRemote,https://www.indeed.com/company/Allegis-Transcription/jobs/Transcriptionist-2b616cf8ba645fb6?fccid=04f0b99df9f531ca&vjs=3
Forklift Operator,Steinhafels,"Waukesha, WI",https://www.indeed.com/rc/clk?jk=ff0f5c816a7b8822&fccid=0ac532ecc446ea61&vjs=3
newHousekeeper/House Cleaner: Paid Weekly - (Full Time),Dirt Busters House Cleaning,"Sun City West, AZ+8 locations",https://www.indeed.com/company/Dirt-Busters-House-Cleaning/jobs/Housekeeper-House-Cleaner-8800bc66e7be4e36?fccid=99d203e0e8abefd9&vjs=3
Accounting Specialist,City of Montclair,"Montclair, CA 91763",https://www.indeed.com/rc/clk?jk=1265769bde1b4841&fccid=d6ee6212e5b1fff4&vjs=3
Professional Test Scorer (Remote),Pearson,+1 locationRemote,https://www.indeed.com/company/Pearson/jobs/Professional-Test-Scorer-3630f3fb8cb4856b?fccid=915b1c0ee87e5e8a&vjs=3
newFarm Labor,Cargill,"California, MO+6 locations",https://www.indeed.com/rc/clk?jk=e04066519d088c88&fccid=d7d9a8241ba2f3ec&vjs=3
Police Dispatcher (Entry-Level),City of Montclair,"Montclair, CA 91763+1 location",https://www.indeed.com/rc/clk?jk=41a3c5a7eac9c278&fccid=d6ee6212e5b1fff4&vjs=3
Warehouse Package Handler,FedEx Ground,"Bedford Park, IL+126 locations",https://www.indeed.com/company/FedEx-Ground/jobs/Warehouse-Package-Handler-a4d98c0bf8f51bdf?fccid=08ff885501822d01&vjs=3
General Factory Worker,See's Candies,"Los Angeles, CA 90016 (Baldwin Hills/Crenshaw area)",https://www.indeed.com/rc/clk?jk=d3f22071d4b5dc67&fccid=4ccbcfd811ca4afd&vjs=3
newFT & PT Package Handler - Warehouse,FedEx Ground PH US,"Bedford Park, IL 60638 (Clearing area)+110 locations",https://www.indeed.com/rc/clk?jk=cd6e42b3f75db758&fccid=08ff885501822d01&vjs=3
Models,The Underwear Expert,"New York, NY",https://www.indeed.com/rc/clk?jk=650216ecc0a48c08&fccid=c2fed068dfa20314&vjs=3
newRemote Personal Assistant,"Excellence Services, LLC",+1 locationRemote,"https://www.indeed.com/company/Excellence-Services,-LLC/jobs/Personal-Assistant-f17aed274b448358?fccid=48102ddf6946b318&vjs=3"
newCustomer Service Agent,SYKES,"Fort Smith, AR 72901+21 locations•Remote",https://www.indeed.com/company/SYKES/jobs/Customer-Service-Agent-635155acd7a49c33?fccid=803777f1874b6658&vjs=3
newWork From Home (Orlando) - Call Center Inbound Sales,Marriott Vacations Worldwide,"Orlando, FL 32819 (Florida Center area)•Remote",https://www.indeed.com/rc/clk?jk=9d9f90124d1e095b&fccid=c9f5f950ca3de531&vjs=3
Sales Development Representative,The Salent Group,"Elizabethtown, NC+33 locations•Remote",https://www.indeed.com/rc/clk?jk=8a57d566e6aa640e&fccid=22028d677393687c&vjs=3
Hourly Production Team Member - Michigan in Wayne and Wash....,Ford Motor Company,"Wayne, MI+4 locations",https://www.indeed.com/rc/clk?jk=6843a8dd50c0130e&fccid=761c44c17d636bfe&vjs=3
newAccounting Clerk - Hourly,"Pepsi-Cola Bottling Company of New York, Inc.",Maryland+2 locations•Remote,https://www.indeed.com/rc/clk?jk=1c4f93a7cf4a318a&fccid=2973259ddc967948&vjs=3
newPHARMA CLEANER,us issworld,"Cambridge, MA 02142 (East Cambridge area)+95 locations",https://www.indeed.com/rc/clk?jk=99870f531e2792a9&fccid=dd616958bd9ddc12&vjs=3
newFarm Labor,Cargill,"California, MO+6 locations",https://www.indeed.com/rc/clk?jk=e04066519d088c88&fccid=d7d9a8241ba2f3ec&vjs=3
newHousekeeper - $27/hr,Vacasa,"Timber Cove, CA+126 locations",https://www.indeed.com/rc/clk?jk=c172cb49fc748998&fccid=22f7ba07f9b31a96&vjs=3
newFT & PT Package Handler - Warehouse,FedEx Ground PH US,"Bedford Park, IL 60638 (Clearing area)+110 locations",https://www.indeed.com/rc/clk?jk=cd6e42b3f75db758&fccid=08ff885501822d01&vjs=3
Hourly Production Team Member - Temp Full Time -Chicago Stam...,Ford Motor Company,"Chicago Heights, IL",https://www.indeed.com/rc/clk?jk=42970d3cd893a55b&fccid=761c44c17d636bfe&vjs=3
newChat Agent,Credit Union of Texas,"Dallas, TX 75251 (North Dallas area)•Remote",https://www.indeed.com/company/Credit-Union-of-Texas/jobs/Chat-Agent-feec249273454c76?fccid=d4ee60fbf64828f2&vjs=3
Server (8021),The Capital Grille,"New York, NY 10017 (Turtle Bay area)+57 locations",https://www.indeed.com/company/The-Capital-Grille/jobs/Server-18bd334a1ac75f77?fccid=2a2c9564cc332e3d&vjs=3
newState Trooper,New York State Police,"Hempstead, NY+5 locations",https://www.indeed.com/company/New-York-State-Police/jobs/State-Trooper-7d6f2fde2e74eba5?fccid=897e83d2cc0171a1&vjs=3
newOFFICE TECHNICIAN (TYPING),California Public Utilities Commission,"San Bernardino County, CA+2 locations",https://www.indeed.com/rc/clk?jk=974aa7c072c0c85b&fccid=2f0717c3f8e56d94&vjs=3
Accounting Specialist,City of Montclair,"Montclair, CA 91763",https://www.indeed.com/rc/clk?jk=1265769bde1b4841&fccid=d6ee6212e5b1fff4&vjs=3
newOutbound Telephone Sales Representative $16hr - Work from Ho...,FLS Connect,"Anthem, AZ+13 locations•Remote",https://www.indeed.com/company/FLS-Connect/jobs/Outbound-Telephone-Sales-Representative-d2ad96197dc3ac3c?fccid=e7b81aa46ad0c126&vjs=3
newNanny - Driver,NannyCity,"New York, NY 10021 (Upper East Side area)+3 locations",https://www.indeed.com/company/NannyCity/jobs/Nanny-32b21294532af365?fccid=bbeee9e60ab527c6&vjs=3
newSecurity Guard,Bannerman,"Los Angeles, CA",https://www.indeed.com/company/Bannerman/jobs/Security-Guard-3d9338f514c32198?fccid=c84237e5ed4de6bf&vjs=3
Customer Service Representative - Work From Home,CVS Health,+28 locationsRemote,https://www.indeed.com/rc/clk?jk=634e8c6cce564936&fccid=be3b11aa573faee7&vjs=3
Amazon Fulfillment Center Warehouse Associate,Amazon HVH,"Chester, VA 23836+78 locations",https://www.indeed.com/rc/clk?jk=c55eb58c28546c9f&fccid=fe2d21eef233e94a&vjs=3
newSwabber - Cruise,"Bio-Reference Laboratories, Inc.","Galveston, TX 77550",https://www.indeed.com/rc/clk?jk=1ffea32a7ef2b80d&fccid=f8dfe19910122ff5&vjs=3
newServer,Waffle House,"Saint Joseph, MO 64503+126 locations",https://www.indeed.com/company/Waffle-House/jobs/Server-598f19cd8e117f84?fccid=8947ef6943b1ff10&vjs=3
newListing Agent,Keller Williams Integrity,"Denver, CO 80209 (Cherry Creek area)•Remote",https://www.indeed.com/company/Keller-Williams-Integrity/jobs/Listing-Agent-a0678e41d9eca49c?fccid=86d026e55d82a338&vjs=3
newSeamstress/Seamster,Four Seasons,"Fort Lauderdale, FL",https://www.indeed.com/rc/clk?jk=f7b4211a13b02047&fccid=9474516a9efc22f2&vjs=3
newHousekeeper - $25/hr,Vacasa,"Vail, CO+107 locations",https://www.indeed.com/rc/clk?jk=371180e4660a6eef&fccid=22f7ba07f9b31a96&vjs=3
Telephone Interviewer – Customer Service,"Professional Research Consultants, Inc",Nebraska•Remote,https://www.indeed.com/rc/clk?jk=92781449bb860333&fccid=dc46bc9d7d6afaf0&vjs=3
Data Entry/Records Technician - 12 mo.,Clay County School District,"Green Cove Springs, FL 32043",https://www.indeed.com/rc/clk?jk=d3a59ec66f08c1cc&fccid=8b88e784790b45f0&vjs=3
Remote - Customer Chat Support Reps Needed - Multiple Langua...,ModSquad,+12 locationsRemote,https://www.indeed.com/rc/clk?jk=fbea71bb20901c08&fccid=58ebb086a82f2593&vjs=3
Food Service Assistant,Public Schools Of Robeson County,"Lumberton, NC 28358",https://www.indeed.com/rc/clk?jk=1c6ed48f6ffb8aa0&fccid=8cf76941c777819c&vjs=3
newProgram Assistant,TSA (Transportation Security Administration),"Sandston, VA+3 locations",https://www.indeed.com/rc/clk?jk=85c30969b2454d0e&fccid=3e0864a4b602baa7&vjs=3
newEnterprise Account Executive - Remote,"TitanHouse, Inc.",Remote,"https://www.indeed.com/company/TitanHouse,-Inc./jobs/Enterprise-Account-Executive-8338d922ed6035b4?fccid=9a3c414a1f3aa0b8&vjs=3"
newPersonal Driver,Alto,"Dallas, TX 75235 (Northwest Dallas area)+1 location",https://www.indeed.com/company/Alto/jobs/Personal-Driver-9e155b2cb83cb53b?fccid=2a2e9d7c2e06016e&vjs=3
newOral Historian,UCLA,"Los Angeles, CA",https://www.indeed.com/rc/clk?jk=f57c75563d1acb2c&fccid=ab0ef6192557a06f&vjs=3
Indeed Virtual Interview,UF Health Shands Hospital,"Jacksonville, FL",https://www.indeed.com/rc/clk?jk=6df9f79b3750c3a7&fccid=3ae99ff6996b4cbd&vjs=3
newCustomer Service Representative Venmo (remote),PayPal,"Austin, TX 78729•Remote",https://www.indeed.com/rc/clk?jk=d63c90e2379e7b96&fccid=978d9fd9799d55a8&vjs=3
Cashier,Ingles Markets,"Sweetwater, TN 37874+88 locations",https://www.indeed.com/rc/clk?jk=fd88397be518bbd1&fccid=792f03bcfb7de83d&vjs=3
"Curatorial Assistant I, Photography",SFMOMA,"San Francisco, CA 94103 (South Of Market area)",https://www.indeed.com/rc/clk?jk=69d75ceb08979ac4&fccid=318a4042e5b1e9cf&vjs=3
Assistant Federal Security Director,TSA (Transportation Security Administration),"Warwick, RI",https://www.indeed.com/rc/clk?jk=01fb44c3666ea706&fccid=3e0864a4b602baa7&vjs=3
newADMISSIONS APPLICATION READER,University of Wisconsin–Madison,"Madison, WI 53706•Remote",https://www.indeed.com/rc/clk?jk=b2ce5b14eb667359&fccid=22b1d1aaa50a1a45&vjs=3
newWork from Home CSR: STARTING UP TO $13/HR,Call Experts,Minnesota+3 locations•Remote,https://www.indeed.com/rc/clk?jk=ed696709b52928b1&fccid=8bf0028ed391512c&vjs=3
Digital Live Chat Agent,Camping World,"Lincolnshire, IL 60069•Remote",https://www.indeed.com/rc/clk?jk=8159234cb6d89324&fccid=4ec2dc648eedd45e&vjs=3
newRetail Stock & Fulfillment - Millennia Crossing Rack,Nordstrom,"Orlando, FL 32839 (Millenia area)+126 locations",https://www.indeed.com/rc/clk?jk=5d5acafab471e904&fccid=68ce5c21322a81a4&vjs=3
newOffice Assistant,Fairfax County Public Schools,"Fairfax County, VA",https://www.indeed.com/rc/clk?jk=682b25e30a248f49&fccid=b2e4663ea1272e08&vjs=3
Arby's Team Member- 7412,Arby's,"Saint Joseph, MO 64507+45 locations",https://www.indeed.com/company/Arby's/jobs/Arby-Team-Member-f4d6788dd7b96281?fccid=b8e9a3fe3495d28d&vjs=3
newDelivery Driver,Perry Solutions LLC,"Atlanta, GA 30360+4 locations",https://www.indeed.com/company/Perry-Solutions-LLC/jobs/Delivery-Driver-6e8635661a6e3041?fccid=3ee99551f0804ee5&vjs=3
TV & Movie Lists Writer,Collider,+8 locationsRemote,https://www.indeed.com/rc/clk?jk=3aac6404bb3fcaf3&fccid=ae8bbd9c1d38c77b&vjs=3
Medical Records Clerk (remote),Astera Cancer Care,"East Brunswick, NJ•Remote",https://www.indeed.com/rc/clk?jk=e27e342de6fa2e88&fccid=11e1c949e40d9549&vjs=3
newFront Desk Associate,Happy Branding Co,"Orlando, FL 32801 (Central Business District area)",https://www.indeed.com/rc/clk?jk=0029972cf1a1902c&fccid=dd616958bd9ddc12&vjs=3
newCUSTOMER SERVICE REPRESENTATIVE (Work From Home),AT&T,Indiana+56 locations•Remote,https://www.indeed.com/rc/clk?jk=e5e1e2edeaf70076&fccid=25b5166547bbf543&vjs=3
"Operations Associate - Logistics (Part-time, Evenings, Weeke...",Sharebite,New York State+1 location•Remote,https://www.indeed.com/rc/clk?jk=adfd51398e1897ed&fccid=30b73a359f629712&vjs=3
Dispensary Technician - Cannabis,Garden State Dispensary,"Woodbridge, NJ 07095+2 locations",https://www.indeed.com/rc/clk?jk=7326d97fc7e3ccf6&fccid=062519277800ca34&vjs=3
newAccommodation Consultant,Amazon.com Services LLC,Louisiana+4 locations,https://www.indeed.com/rc/clk?jk=2a03e0a7666543b5&fccid=fe2d21eef233e94a&vjs=3
newScheduler,Fort Wayne,"Fort Wayne, IN 46815 (Maplewood Park area)+7 locations•Remote",https://www.indeed.com/rc/clk?jk=614c8cf0a9c113a5&fccid=6cdebd3a6977c60b&vjs=3
newSales & Reservations Agent (Part Time),U-Haul,"Newark, NJ 07107 (University Heights area)+70 locations•Remote",https://www.indeed.com/rc/clk?jk=4a79a8b8e7e28f5c&fccid=2533ecec90dc66a3&vjs=3
newGENERAL WAREHOUSE WORKER,Family Dollar,"Morehead, KY 40351+6 locations",https://www.indeed.com/rc/clk?jk=08a3ef147f4672fd&fccid=836bae39e101d165&vjs=3
newClaims Assistant,The Walt Disney Company (Corporate),"Kissimmee, FL",https://www.indeed.com/rc/clk?jk=5945f53933b0825f&fccid=4ed80f3a97849f22&vjs=3
newTraining Specialist,TSA (Transportation Security Administration),"Newark, NJ",https://www.indeed.com/rc/clk?jk=edd6d822c42c18f5&fccid=3e0864a4b602baa7&vjs=3
newProgram Assistant,TSA (Transportation Security Administration),"Sandston, VA+4 locations",https://www.indeed.com/rc/clk?jk=85c30969b2454d0e&fccid=3e0864a4b602baa7&vjs=3
Professional Test Scorer (Remote),Pearson,+1 locationRemote,https://www.indeed.com/company/Pearson/jobs/Professional-Test-Scorer-3630f3fb8cb4856b?fccid=915b1c0ee87e5e8a&vjs=3
Warehouseman/Packer/Crater,Central Intelligence Agency,"Washington, DC 20505 (Foggy Bottom area)",https://www.indeed.com/rc/clk?jk=83838ebb0a09ee26&fccid=e9870e3159e9c6ac&vjs=3
"Room Attendant - Conrad Washington, DC",Conrad Hotels & Resorts,"Washington, DC+2 locations",https://www.indeed.com/rc/clk?jk=d491edaab52022ff&fccid=0e540f96d9e49568&vjs=3
newCustomer Service Representative,Progressive,"Auburn, AL+72 locations•Remote",https://www.indeed.com/rc/clk?jk=e332483721fbb6b5&fccid=082e59b71e3e4fe2&vjs=3
Customer Service Representative (Multiple Openings),"Altec Industries, Inc.","Birmingham, AL 35242+1 location",https://www.indeed.com/rc/clk?jk=090fe1f83df28e7e&fccid=249844db817cfb55&vjs=3
newHousekeeper/House Cleaner: Paid Weekly + Tips (Full Time),Buckets & Bows Maid Service,"Lewisville, TX+2 locations",https://www.indeed.com/company/Buckets-&-Bows-Maid-Service/jobs/Housekeeper-House-Cleaner-70c0f342496da794?fccid=0348a42d17564d32&vjs=3
newLast Mile Delivery Driver Contractor,UST Logistical Systems,"Lakeland, FL+19 locations",https://www.indeed.com/company/UST-Logistical-Systems/jobs/Last-Mile-Delivery-Driver-Contractor-d8a24a7f2b5170ba?fccid=b0e8b625e3c85358&vjs=3
newData Entry Clerk,Prince George's County Public Schools,"Suitland, MD",https://www.indeed.com/rc/clk?jk=5f336a27b77f7e3f&fccid=af63bb9a465c0506&vjs=3
Ticket/Gate Agent (Customer Service Agent) - JFK,Delta,"New York, NY+11 locations",https://www.indeed.com/rc/clk?jk=5efbb5241b633ae5&fccid=3f721eb1d31080a6&vjs=3
new311 Customer Service Specialist,City of Sacramento,"Sacramento, CA 95814 (Downtown area)",https://www.indeed.com/rc/clk?jk=d551b2679366a0b8&fccid=700c8bc235f6a06b&vjs=3
"newHousekeeper- Las Vegas, NV",MasterCorp Inc.,"Las Vegas, NV+31 locations",https://www.indeed.com/company/MasterCorp-Inc./jobs/Housekeeper-849b28114704cf04?fccid=fb351cfe72eabecb&vjs=3
newCaregiver/Home Care Aide Weekly Pay,Honor,"Anaheim, CA+26 locations",https://www.indeed.com/company/Honor/jobs/Caregiver-Home-Care-Aide-Weekly-Pay-2c31319618e83167?fccid=d12645453d9cc8ea&vjs=3
Customer Success Manager,"TitanHouse, Inc.",+1 locationRemote,"https://www.indeed.com/company/TitanHouse,-Inc./jobs/Customer-Success-Manager-2144f4a38644d915?fccid=9a3c414a1f3aa0b8&vjs=3"
Data Entry,Verified Number,"West Palm Beach, FL 33401",https://www.indeed.com/rc/clk?jk=3ff7a3f584062681&fccid=0202654c0d2b91dc&vjs=3
Real Estate Agent - New or Experienced,Keller Williams/CA Realty Training,"Upland, CA 91786+126 locations•Remote",https://www.indeed.com/rc/clk?jk=8b4913cd8a9ebe59&fccid=134bb4989d4f560d&vjs=3
Nash UNC Health Care - All Career Opportunities,UNC Health,"Rocky Mount, NC 27804+2 locations",https://www.indeed.com/rc/clk?jk=04c49c307a2ce57a&fccid=91933f49d6dc8b78&vjs=3
newWork at Home Customer Care Professional,Hinduja Global Solutions,"Stronghurst, IL 61480+55 locations•Remote",https://www.indeed.com/rc/clk?jk=dcc0dd23b7bba258&fccid=08ac0feabcee897e&vjs=3
newHuman Resources Assistant,TSA (Transportation Security Administration),"Queens, NY+1 location",https://www.indeed.com/rc/clk?jk=bc5ea196a749d26e&fccid=3e0864a4b602baa7&vjs=3
General Factory Worker,See's Candies,"Los Angeles, CA 90016 (Baldwin Hills/Crenshaw area)",https://www.indeed.com/rc/clk?jk=d3f22071d4b5dc67&fccid=4ccbcfd811ca4afd&vjs=3
"newDeputy Assistant Administrator, SCPA",TSA (Transportation Security Administration),"Springfield, VA",https://www.indeed.com/rc/clk?jk=249d0db75926ae3d&fccid=3e0864a4b602baa7&vjs=3
newCustomer Service Agent,Alaska Airlines,"Newark, NJ 07188 (Central Business District area)+5 locations",https://www.indeed.com/rc/clk?jk=4f099814a3a55369&fccid=4cdc512b3763b02a&vjs=3
Cashier ($12.00 hourly),McCoy's Building Supply,"Bay City, TX 77414+34 locations",https://www.indeed.com/rc/clk?jk=ad9c4b8f036ee952&fccid=2f1363abef25036c&vjs=3
newHuman Resources Specialist (Recruitment & Placement),TSA (Transportation Security Administration),"Springfield, VA",https://www.indeed.com/rc/clk?jk=3d1016348098ebcc&fccid=3e0864a4b602baa7&vjs=3
Manufacturing/ Production Positions,"Forest River, Inc.","Sheridan, OR",https://www.indeed.com/rc/clk?jk=c55db1c151ecbca9&fccid=363830ce2768daaa&vjs=3
Customer Service Agent,Verified Number,"West Palm Beach, FL 33401",https://www.indeed.com/rc/clk?jk=0e66eb485007b52e&fccid=0202654c0d2b91dc&vjs=3
newMOTOR VEHICLE REPRESENTATIVE,California Public Utilities Commission,"San Bernardino County, CA+1 location",https://www.indeed.com/rc/clk?jk=e565b4f085406bff&fccid=2f0717c3f8e56d94&vjs=3
Babysitter/Nanny,The Babysitting Company,"Salt Lake City, UT+14 locations",https://www.indeed.com/company/The-Babysitting-Company/jobs/Babysitter-Nanny-4aae644183be0d2f?fccid=cc14d383afd458bc&vjs=3
newGeneral Production,Cargill,"California, MO+126 locations",https://www.indeed.com/rc/clk?jk=b79c69d248236401&fccid=d7d9a8241ba2f3ec&vjs=3
CALL CENTER CSR,WSP,"Aurora, CO•Remote",https://www.indeed.com/rc/clk?jk=3731979d2f788a5b&fccid=125e77713a321cdc&vjs=3
Freelance Subtitle Translators & Captioners,Dotsub,"New York, NY",https://www.indeed.com/rc/clk?jk=900b782fd8cc6bb8&fccid=a72f34241a35c1c7&vjs=3
newServer,Waffle House,"Grenada, MS 38901+126 locations",https://www.indeed.com/company/Waffle-House/jobs/Server-44e96fad9777949c?fccid=8947ef6943b1ff10&vjs=3
Telephone Interviewer – Customer Service,"Professional Research Consultants, Inc",Iowa+1 location•Remote,https://www.indeed.com/rc/clk?jk=3d73634ec205f9e8&fccid=dc46bc9d7d6afaf0&vjs=3
Freelance Writers,"Ultius, Inc.","Chicago, IL•Remote","https://www.indeed.com/company/Ultius,-Inc./jobs/Freelance-Writer-149d1227aff56d02?fccid=12ee4e7f47c60424&vjs=3"
newLABORER (Andersen Main Store),The Exchange,Guam+10 locations,https://www.indeed.com/rc/clk?jk=6060d10b7281acf2&fccid=9a62d3a3c050f668&vjs=3
newContent Writers,Passive Income MD,Remote,https://www.indeed.com/company/Passive-Income-MD/jobs/Content-Writer-18fc426763c3aa61?fccid=3a6146ee55b5406b&vjs=3
newScheduling Operations Officer,TSA (Transportation Security Administration),"San Jose, CA",https://www.indeed.com/rc/clk?jk=ac0815a311413a3f&fccid=3e0864a4b602baa7&vjs=3
Fashion Specialist,Amazon.com Services LLC,Remote,https://www.indeed.com/rc/clk?jk=9837cf842cc0cde5&fccid=fe2d21eef233e94a&vjs=3
newWork From Home - Customer Service Rep 16.00 Per Hour,Republic Services,"Chandler, AZ 85224+7 locations•Remote",https://www.indeed.com/rc/clk?jk=cea2748cca406efa&fccid=e048e6229c201697&vjs=3
newCLEANER,ABM Industries,"Anderson, SC 29621+126 locations",https://www.indeed.com/rc/clk?jk=eb9f5c882fb34bd7&fccid=dcf22ae3c1cdd701&vjs=3
newProfessional House Cleaner,Get Cleaned!,"Allen, TX+1 location",https://www.indeed.com/company/Get-Cleaned!/jobs/Professional-House-Cleaner-1d09a8e249a3b8bf?fccid=23f27d2c50147ae2&vjs=3
newCustomer Service Representative - Inbound Reservations (Remo...,Wyndham Destinations,"Orlando, FL 32821+3 locations•Temporarily Remote",https://www.indeed.com/rc/clk?jk=eefda05194f2107b&fccid=36df2b3f9aaba10d&vjs=3
newHousekeepers / House Cleaners and Home Staging,Landing,"Baltimore, MD+40 locations",https://www.indeed.com/company/Landing/jobs/Housekeeper-3dd75b3ab6545e49?fccid=3211d90a6cb5da01&vjs=3
newMETER READER 1611,"City of Los Angeles, CA","City of Los Angeles, CA•Temporarily Remote",https://www.indeed.com/rc/clk?jk=f40ee89a428efa04&fccid=90ebb803a696a758&vjs=3
1st Shift Plastics Machine Operator (East Providence RI),AmSource LLC,"East Providence, RI 02914+2 locations",https://www.indeed.com/company/AmSource-LLC/jobs/Shift-Plastic-Machine-Operator-c83e14b40a2a2207?fccid=bafedcdf71ac158c&vjs=3
newCustomer Service Representative,Activus Connect,"Orlando, FL+28 locations•Remote",https://www.indeed.com/company/Activus-Connect/jobs/Customer-Service-Representative-f001ef66bf2bb603?fccid=fc74d7f7a313bdf7&vjs=3
Inbound Work at Home Customer Service Representative - Up to...,STARTEK,Remote,https://www.indeed.com/rc/clk?jk=9366a67a0b5b98fe&fccid=f125b81a05deec68&vjs=3
Public Information Officer,"County of Bedford, Virginia","Bedford, VA 24523",https://www.indeed.com/rc/clk?jk=6774aa4c7772bca9&fccid=cb382616a7739886&vjs=3
newCustodian III,Renton School District,"Renton, WA 98056",https://www.indeed.com/rc/clk?jk=2bee1961e0dafd3c&fccid=4d61df2f01579e73&vjs=3
newCustomer Service Representative,Activus Connect,"Orlando, FL+18 locations•Remote",https://www.indeed.com/company/Activus-Connect/jobs/Customer-Service-Representative-f001ef66bf2bb603?fccid=fc74d7f7a313bdf7&vjs=3
Inbound Work at Home Customer Service Representative - Up to...,STARTEK,Remote,https://www.indeed.com/rc/clk?jk=9366a67a0b5b98fe&fccid=f125b81a05deec68&vjs=3
Public Information Officer,"County of Bedford, Virginia","Bedford, VA 24523",https://www.indeed.com/rc/clk?jk=6774aa4c7772bca9&fccid=cb382616a7739886&vjs=3
newCustodian III,Renton School District,"Renton, WA 98056",https://www.indeed.com/rc/clk?jk=2bee1961e0dafd3c&fccid=4d61df2f01579e73&vjs=3
Documentation Specialist (Remote Work Available),CACI,"Hanover, MD 21076+1 location•Remote",https://www.indeed.com/rc/clk?jk=628369d0e2e476f5&fccid=5fca42294cdbc080&vjs=3
Community Outreach Worker - Contact Tracer - Multiple Vacanc...,SIU Medicine,"Springfield, IL",https://www.indeed.com/rc/clk?jk=ebfbcb4267d43000&fccid=e6251cca8c6ca6bc&vjs=3
COVID Contact Tracing (Weekend),Skokie School District 69,"Skokie, IL 60077",https://www.indeed.com/rc/clk?jk=787ef4125d13bbbe&fccid=cb71d9dc60494333&vjs=3
newCall Center Representative,Frontline Call Center,Remote,https://www.indeed.com/company/Frontline-Call-Center/jobs/Call-Center-Representative-5c4b6739c9afcbf0?fccid=1a69d48bd85948ce&vjs=3
Dental Front Office,Walden Dental Group LLC,"Chandler, AZ 85286",https://www.indeed.com/rc/clk?jk=24a10c9b266edd8d&fccid=9fa6f270362e9668&vjs=3
newNow Hiring Full & Part time Customer Service Rep. Opportunit...,First Transit,"Clackamas, OR 97015+6 locations•Remote",https://www.indeed.com/rc/clk?jk=04be10cd6d21ea6a&fccid=dc3e26da15998f71&vjs=3
Short Term-Temporary CSR,The Connection Contact Center Services,+1 locationRemote,https://www.indeed.com/company/The-Connection-Contact-Center-Services/jobs/Short-Term-Temporary-Customer-Service-Representative-680729519ef4971f?fccid=6794a096cb5f1ba6&vjs=3
Technology Resources Specialist,Renton School District,"Renton, WA 98056",https://www.indeed.com/rc/clk?jk=84e119618bbec233&fccid=4d61df2f01579e73&vjs=3
newNight Stocker,HEB,"Huntsville, TX 77340+28 locations",https://www.indeed.com/rc/clk?jk=5df09dc5cb158fb8&fccid=c629e32155ebd42c&vjs=3
newOffice Assistant - Job ID 3020435,North Dakota Department of Human Services,"Jamestown, ND+1 location",https://www.indeed.com/rc/clk?jk=854a402dfc927d11&fccid=68e4f618254822b7&vjs=3
Farm Labor,Select Genetics,"Aurora, MO 65605",https://www.indeed.com/rc/clk?jk=0524f79b7be82fe8&fccid=65d94b89f7800783&vjs=3
newFull-Time Store Associate,ALDI,"Haines City, FL 33844+126 locations",https://www.indeed.com/rc/clk?jk=2a5ec530817ea24a&fccid=419801c05606d650&vjs=3
Paralegal,the NBA,"New York, NY 10022 (Midtown area)",https://www.indeed.com/rc/clk?jk=357d8dd5b0b24f84&fccid=ec00141efcac3522&vjs=3
Admission Reader,SoNYT,"New York, NY",https://www.indeed.com/rc/clk?jk=e1dc995f9531c78d&fccid=08680d9ee04fa2df&vjs=3
newDarlington Raceway Street Team,NASCAR,"Darlington, SC",https://www.indeed.com/rc/clk?jk=bb8ead5a56c4ddf2&fccid=6dc3d838f0e716b1&vjs=3
Associate Agent Customer Service Representative,Liberty Mutual Insurance,+7 locationsRemote,https://www.indeed.com/rc/clk?jk=5d8554eb629cd636&fccid=f33a9750898d12d4&vjs=3
newContact Center Work From Home Apprentice,Home Depot / THD,"Atlanta, GA 30301 (Buckhead area)•Remote",https://www.indeed.com/rc/clk?jk=b333d970421045f6&fccid=82e58e9861d48566&vjs=3
newCustomer Service Representative - REMOTE!! SHIFT DIFF!!! 11a...,Labcorp,"McLeansville, NC+13 locations•Remote",https://www.indeed.com/rc/clk?jk=69f4d5d7e724dfca&fccid=a3163e1f583839d0&vjs=3
AM Warehouse Worker / Package Handler $15- Redding 7AM-10AM,OnTrac,"Redding, CA 96002+41 locations",https://www.indeed.com/rc/clk?jk=4604b088555ee7d5&fccid=65361a67c65bb88a&vjs=3
IT Positions,HADIAMONDSTAR Software Solutions,"Fairfax, VA 22031",https://www.indeed.com/rc/clk?jk=c43ee51a5c6b3603&fccid=f4ac46d31fd04b35&vjs=3
newGeneral Production,Cargill,"Friona, TX+84 locations",https://www.indeed.com/rc/clk?jk=71d56409aa62c19f&fccid=d7d9a8241ba2f3ec&vjs=3
Teacher: Kindergarten,Clay County School District,"Orange Park, FL 32003+2 locations",https://www.indeed.com/rc/clk?jk=16ad7d745371c4f1&fccid=8b88e784790b45f0&vjs=3
RECORDS MANAGEMENT COORDINATOR,City of Fort Pierce,"Fort Pierce, FL 34950",https://www.indeed.com/rc/clk?jk=9dd59d92ce7b4b5d&fccid=4b7c8dfb811bf9f4&vjs=3
newWHEELCHAIR PASSENGER ASSIST,ABM Industries,"Sacramento, CA 95837+4 locations",https://www.indeed.com/rc/clk?jk=f916f93945394868&fccid=dcf22ae3c1cdd701&vjs=3
newCustomer Service Representative - Part Time,United Airlines Inc.,"Boston, MA 02212 (Central area)+2 locations",https://www.indeed.com/rc/clk?jk=ad9d3d4a5804ff4e&fccid=e69f69636a9997cd&vjs=3
newAssembler,"Agri-Fab, Inc.","Sullivan, IL 61951",https://www.indeed.com/rc/clk?jk=d94fa1ca5eb1c0bb&fccid=da649f4cb8d0f62b&vjs=3
Police Equipment Room Assistant,City of Fremont,"Fremont, CA 94538 (Downtown area)",https://www.indeed.com/rc/clk?jk=dd5a8d76f2b01dd8&fccid=6e671771afb1cb22&vjs=3
Dental Front Office,"Ralph W Price, DDS,PC","Phoenix, AZ 85018 (Camelback East area)",https://www.indeed.com/rc/clk?jk=29c9ba18a1d6ebd2&fccid=dd616958bd9ddc12&vjs=3
eClinical Works Medical Appointment Scheduler - Call Center...,Statlinx,Remote,https://www.indeed.com/company/Statlinx/jobs/Eclinical-Work-Medical-Appointment-Scheduler-d4bef145d534135b?fccid=82bc76a6b065776f&vjs=3
newLocal Home Daily Driver Jobs - No Touch,"Lazer Spot, Inc.","Jupiter, FL 33458+126 locations",https://www.indeed.com/rc/clk?jk=6efcd5d6965a1bf5&fccid=c3362a382f155325&vjs=3
Groundman - South Hill,Dominion Energy,"South Hill, VA 23970+4 locations",https://www.indeed.com/rc/clk?jk=120d097e4cc8a708&fccid=6a3ba7521cbe6c9d&vjs=3
newADMISSIONS APPLICATION READER,University of Wisconsin–Madison,"Madison, WI 53706•Remote",https://www.indeed.com/rc/clk?jk=b2ce5b14eb667359&fccid=22b1d1aaa50a1a45&vjs=3
newBarista/Cashier,us issworld,"El Segundo, CA 90245+15 locations",https://www.indeed.com/rc/clk?jk=35c257d48cc37446&fccid=dd616958bd9ddc12&vjs=3
newFull-Time House Cleaner $700-850+ paid weekly,Nicole's TLC Cleaning,"Plymouth, MI+1 location",https://www.indeed.com/company/Nicole's-TLC-Cleaning/jobs/Full-Time-House-Cleaner-Paid-Weekly-e85c567e67b09059?fccid=39e4fc795aae29ae&vjs=3
newFull Time House Cleaner (Fort Myers/Estero),Organize It SWFL,"Lehigh Acres, FL+3 locations",https://www.indeed.com/company/Organize-It-SWFL/jobs/House-Cleaner-74541f1115cf2f9e?fccid=e4222dd80c006bf3&vjs=3
newPeople Operations Coordinator,PeopleOps Jobs,"Chicago, IL•Remote",https://www.indeed.com/company/PeopleOps-Jobs/jobs/People-Operation-Coordinator-5d6244860524adbd?fccid=4fbd94ad391e62e3&vjs=3
newProduction Trainee,the NBA,"Secaucus, NJ 07094",https://www.indeed.com/rc/clk?jk=cac89ab05683bc9b&fccid=ec00141efcac3522&vjs=3
newHouse Cleaner/Housekeeper: Paid Weekly (Full Time),Sweepin It Clean,"Springfield, MA+3 locations",https://www.indeed.com/company/Sweepin-It-Clean/jobs/House-Cleaner-Housekeeper-8b9dc6db1b50b978?fccid=8feb62ee5b4edd69&vjs=3
Corporate Support Representative,Corporate Tools,"Post Falls, ID 83854",https://www.indeed.com/rc/clk?jk=9a4a492c568c7d26&fccid=46f27b07ce020d0a&vjs=3
House Cleaner/Housekeeping - Voted Best of McKinney,The Cleaning Force,"Frisco, TX",https://www.indeed.com/company/The-Cleaning-Force/jobs/House-Cleaner-Housekeeping-7ff9113b1f145e83?fccid=256e8859673757fe&vjs=3
Seasonal Application Reader- 6,Howard University,"Washington, DC",https://www.indeed.com/rc/clk?jk=67742f52a8e2d9f4&fccid=a5edbecada1117a2&vjs=3
